cid,fname,lname,uname,pswd,dob,position
1,Blake,Little,icamacho,%400UXxJ%Q,1924-01-03,Flight Attendant
2,Shane,Davis,stephaniehooper,*BjoDZkeC8,1910-09-29,Co-Pilot
3,Richard,Lopez,doris82,_rzBdbj(67,1914-03-12,Pilot
4,Theresa,Moyer,robertsoneric,$9Y^sgy5iH,2014-07-06,Flight Attendant
5,Mark,Garner,jessicakelley_1,!0CH^Y&P3h,1945-08-19,Co-Pilot
6,Eugene,Fisher,douglas42,4NxIUO5w+4,1957-07-23,Engineer
7,Kayla,Gibson,rodriguezsandra_2,@z@2MlXoPC,1996-11-30,Flight Attendant
8,Melissa,Parker,breanna00,EMHz3Ebt$M,1973-04-06,Flight Attendant
9,William,Tucker,pbenton,^JCj6UZx#B,1960-08-22,Engineer
10,Clarence,Gardner,matthew62,X)0DOlwa6z,1942-12-23,Co-Pilot
11,Benjamin,Cox,uroberts_1,3g8_qRQt$d,1923-10-10,Engineer
12,Megan,Brady,molly55,@5l8E(2bL%,1965-01-12,Engineer
13,Vincent,Brady,burtonkimberly_1,7f1)XtPb&%,1924-01-28,Co-Pilot
14,Molly,Sullivan,martin96,+25(9Y9t%N,1937-03-16,Pilot
15,Betty,Strickland,edward56,!85VQlcTrW,1974-06-05,Flight Attendant
16,Cheryl,Hanson,ebooker,74OJFr9a)9,1988-03-19,Engineer
17,Maria,Macias,pamelawood,JJlEY@Nc!2,1995-06-25,Co-Pilot
18,Thomas,Mullins,ocarrillo,%yA(kjQvu1,1963-10-07,Engineer
19,George,Kim,smithrachel,+hScyZnSI2,1939-06-05,Engineer
20,Edward,Graham,pennybrown,X*75vWYz3+,1972-01-15,Engineer
21,Patrick,Atkinson,chamilton,^24%*kymZZ,1955-05-27,Co-Pilot
22,Monica,Smith,dmoore_2,N+6MsGCb@h,2001-12-05,Co-Pilot
23,Brian,Ford,nblack,62ROm8sx_k,2015-03-19,Flight Attendant
24,Whitney,Garrison,xbecker,x+Gb3Ukfa$,1949-05-05,Engineer
25,Timothy,White,castrocurtis,%3apDceb3Y,2023-01-12,Pilot
26,Melanie,Powell,david32_1,Y8#7Juw$%Z,2021-09-28,Pilot
27,Michelle,Webb,qsullivan_1,Z60LX6&f@g,1991-06-06,Flight Attendant
28,Alicia,Harper,cindylowe,(h2qRl#Tn1,1953-03-02,Engineer
29,Hector,Stephenson,dmiller_2,%0!URtAr_g,1970-08-25,Flight Attendant
30,Crystal,Jones,marthasmith,%3GxU*ywn^,1974-05-30,Flight Attendant
31,Megan,Fields,david25_1,D4K5OUlx)@,2017-05-02,Engineer
32,Margaret,Hale,littlekimberly,^b1&MKK&H(,1947-11-20,Pilot
33,Andrew,Moses,pmartin,+Jo37uJn@@,1923-08-12,Co-Pilot
34,Jennifer,Floyd,melissachavez,9p!wQms0!N,1953-07-05,Flight Attendant
35,Michael,Stewart,nhawkins,T&agj4UfBC,1932-04-08,Co-Pilot
36,Thomas,Lyons,sgoodman,g+Hq9NQraR,1952-09-03,Engineer
37,Victoria,Coffey,joshuaholmes,u#79cT%v#Q,1950-01-20,Flight Attendant
38,Linda,Douglas,freycharles,W$k0)9bjSB,1956-07-04,Flight Attendant
39,Michael,Contreras,djackson,#fI2K_wBB7,2002-03-22,Co-Pilot
40,Anna,Morton,kevinho,j#1X+)ZxjS,1968-03-10,Flight Attendant
41,Nicole,Martin,kimberly10,!5T&2Hm0hu,2007-10-05,Flight Attendant
42,Marissa,Montoya,njohnson_4,IbnFXMcx_1,1977-06-02,Engineer
43,Brittney,Williams,harrischristine,9BdMPsNb&X,1971-05-10,Pilot
44,Amber,Martinez,paynedavid,#23WQb&+q6,2004-01-21,Engineer
45,Alicia,Vargas,toddmonroe,3!Bc4(qJ!r,1987-03-10,Engineer
46,Christine,Dawson,martin22,$GKEWIw(C8,1997-05-29,Pilot
47,James,Atkins,meganmitchell,M_c^4Oda*&,1947-07-26,Flight Attendant
48,Jason,Little,fernandezscott,!Nl7zoWwjn,1982-03-24,Flight Attendant
49,Beth,Richard,janesingh,mo%7paWm+B,2007-09-16,Co-Pilot
50,Sarah,Hansen,bryantsherry,W0VAnL+q(a,1945-08-11,Pilot
51,Christian,Johnson,donna66_1,3LX0DS6v&H,1933-07-11,Flight Attendant
52,Richard,Sutton,kevinmathews,3w2uJo+G!k,1934-05-15,Co-Pilot
53,Stacy,Blake,gonzalesnancy,!cN0wGZjH!,1910-04-23,Flight Attendant
54,James,Ward,lauren47,!2D2i%3r6o,1942-01-28,Flight Attendant
55,Samantha,Jones,tony78,B94PZ#RcZ+,1951-08-13,Flight Attendant
56,Chelsea,Tucker,victormartinez,s)rQ3ZIMxk,1974-09-06,Pilot
57,Donald,George,danielleduncan,T+v9hvtp#Q,2009-01-15,Pilot
58,Rebecca,Welch,josejackson,t4VNnwBP(C,1976-07-31,Flight Attendant
59,Nathan,Bradford,katiejenkins,!1iJovdm9w,1943-10-10,Pilot
60,John,Myers,stewartsteven,+w#BW0b*H0,1974-12-02,Pilot
61,Robert,Wright,fieldsnancy,$57BkWJ(0v,1989-06-29,Flight Attendant
62,Nicholas,Mitchell,pjackson_1,wN9U(F5K)2,1934-07-01,Flight Attendant
63,Cynthia,Brown,tward_1,i00IITZl&F,1942-01-30,Engineer
64,Vincent,Fitzgerald,ypittman,+54K7kljHg,1946-07-23,Flight Attendant
65,Brandy,Cooper,michael70_1,)d852XFkg^,1948-11-28,Pilot
66,Michael,Wagner,stevenjones,&$0)di+kX4,1993-11-13,Co-Pilot
67,David,Dodson,njohnston,8+9W*7oAMe,2013-10-01,Co-Pilot
68,Jason,Ward,prattamber,+4E6@A&fWr,1915-10-02,Engineer
69,John,Shields,patriciaadams,_EU7At&8K8,1987-10-15,Co-Pilot
70,Kurt,Rogers,zacharyalvarado,!QykAzdR9E,2007-04-02,Pilot
71,Kristin,Watson,xpierce,h!UUl9Hw1v,1935-10-04,Pilot
72,Mary,Chavez,nicoleburke,sd2hERe$&$,1950-12-09,Engineer
73,Jessica,Aguirre,perezrachel_1,GqtF2UTx%^,1935-03-16,Pilot
74,Melissa,Welch,fbailey,b*Zn8ZOmXu,1976-06-21,Engineer
75,Joanna,Beard,maurice56,f%z7XmmdJ(,1923-08-24,Engineer
76,Kimberly,Lester,colleensherman,$S6AUiTq^m,1937-11-05,Flight Attendant
77,Tiffany,Hall,obruce,P4Qlr@up+4,1911-10-24,Co-Pilot
78,Matthew,Gillespie,amberlong,q0TgGA^6%8,1926-06-30,Flight Attendant
79,Thomas,Baker,brian45,U9v6MXlfn#,1985-11-18,Co-Pilot
80,Katie,Jenkins,thomasgary,P@q6HfcR)*,1993-10-02,Engineer
81,Joshua,Taylor,owilson_1,7K0G4Axw+g,2017-01-04,Flight Attendant
82,Jessica,Walker,jluna_1,a6GuXIkP@q,2017-02-11,Engineer
83,Andrea,Reyes,john90_1,)^3IGy1RMV,1996-11-07,Pilot
84,Michael,Hernandez,whitney00_1,$5k0A8pVG),2017-12-23,Co-Pilot
85,Jason,Monroe,frankmargaret,4eNaBz(f%c,1950-06-22,Engineer
86,David,Ward,lisa53,*5RzeGuI@%,2023-08-15,Flight Attendant
87,Cody,Green,briannacruz,Yt(0%TuzRA,1927-07-22,Pilot
88,Andrew,Brown,perrycatherine,A+2Pjp5c1R,2023-04-21,Flight Attendant
89,Kathleen,Parrish,zscott_2,Z5Xm1VOdF),2014-06-27,Flight Attendant
90,Ryan,Anderson,campbellkrystal,%oJqAo&st1,1929-11-25,Pilot
91,Jeffrey,Patel,jasonwilliamson,j8!3^Tyl^+,2001-08-16,Pilot
92,Katherine,Allen,donnabyrd,q5dqYA1w(!,1948-09-16,Engineer
93,Luis,Orozco,jwright_1,TnyZ95Vj@j,1929-08-01,Engineer
94,Erik,Garza,dayjill,Q)4!2qQvWr,1960-04-14,Engineer
95,Joshua,Solis,mario57,*0iZq9jd4C,1973-07-02,Pilot
96,William,Wise,xdurham,vEy3BwOqL@,1984-06-11,Engineer
97,Michael,Weeks,kelly78_1,1m@f4Pyh(+,1987-10-30,Engineer
98,Michael,Gates,kentwalker,z5U)OV6S#C,1964-12-24,Flight Attendant
99,Mackenzie,Garcia,manningpamela,C0Gn9Bo7!Z,2017-10-02,Flight Attendant
100,Kyle,Ramos,michael02_2,6*OK5i$fvS,1998-03-08,Co-Pilot
101,Jeffrey,Taylor,agalloway,i4MBqdtr!R,1982-01-12,Flight Attendant
102,Linda,Nelson,dvalenzuela,a2mJo^+a%i,1993-10-18,Engineer
103,Brittany,Robertson,goldenzachary,!9ZltM_d@_,1921-09-05,Pilot
104,Joseph,Miller,vlester,q#5SNlLiL!,2001-11-30,Pilot
105,Cody,Hernandez,philipdaniels,F!9FDFg14a,1994-07-14,Co-Pilot
106,Matthew,Oneill,cody40,E5TlAl)R_),1961-07-04,Pilot
107,Paul,Clay,croberts_1,+p1OjF@itE,2001-03-22,Engineer
108,Jonathan,Sanchez,lynnkeith,!F8rZU$lty,1955-05-17,Co-Pilot
109,Christian,Perkins,nguyenjulia,+l&VpbXjs3,2010-11-01,Pilot
110,Carla,Rice,glennstephen,Hu8_UqZFc@,1924-07-11,Co-Pilot
111,Zachary,Gray,whall,O)11kPNfP2,1924-01-25,Pilot
112,Matthew,Ryan,spencer54,@i4eecXu6a,1925-11-25,Engineer
113,Megan,Frank,johnhunter,)+R$kTIf49,2007-04-01,Flight Attendant
114,Andrea,Sampson,herrerahunter,&@lH)2Sr9@,1949-02-25,Flight Attendant
115,Travis,Sosa,yfields,k+V5R%l$LJ,2023-06-06,Engineer
116,Christine,Young,bwhitney,)4ICy!(oyb,2002-12-16,Flight Attendant
117,Kristin,Collier,zchapman,_pB@U5ba24,1987-05-19,Pilot
118,Aaron,Porter,kristinebrennan,@Pd@X2Wrs6,1965-05-12,Flight Attendant
119,Brenda,Crawford,xgarcia_4,)uoHd3MzTD,1989-04-23,Co-Pilot
120,Monique,Ford,david46_1,I)^4VBs(Wu,2008-11-21,Engineer
121,Vanessa,Sexton,christopher08,9T4MNCzn2+,1971-06-29,Flight Attendant
122,Joseph,Sims,chelseahorn,p_56D%jeK6,1933-06-08,Engineer
123,Rebecca,Simpson,kellyjerry,!1%72E2c#6,2015-02-27,Co-Pilot
124,Henry,Mcgrath,roberto50,&+2)D4GpLx,1946-01-07,Engineer
125,John,Mccullough,taylormorris,!GZ@rq!wI5,1956-10-03,Pilot
126,Melissa,Simpson,pblackburn,DP7FWcf%_A,2003-08-12,Engineer
127,Scott,Holloway,andrewhenry,RB4UCjw%4+,1949-02-09,Pilot
128,Renee,Thomas,dsingh,ms42GBYt+s,2008-04-18,Co-Pilot
129,Kaitlyn,Leon,xfarley,%S_gM%mv0n,1937-01-15,Pilot
130,Elizabeth,Andrews,jgarcia_2,m!%6HiafBX,1913-07-30,Pilot
131,Shannon,Barnes,johnny85,O*7LrO_fnL,1962-04-09,Flight Attendant
132,Kathleen,Cohen,christiansmith,7JO+_9Ypom,2001-01-21,Flight Attendant
133,Brent,Fletcher,gomezjohnathan,Z_%6gIty!k,1962-01-23,Pilot
134,Robin,Cochran,ysmith_2,&1KyTHWHDp,1929-06-30,Co-Pilot
135,Steven,King,zherman,^mUoEQqiv8,2020-07-13,Pilot
136,Paula,Pope,juliesanchez,5PEU+qpc+X,1932-05-29,Co-Pilot
137,Stacy,Sherman,danielfoster,605V5gmU@6,1915-06-21,Co-Pilot
138,Jocelyn,Hess,cbush,y&3UgAoHby,1942-07-29,Flight Attendant
139,Elizabeth,Reynolds,williammiller_1,VkPg6PJn!9,1997-10-22,Flight Attendant
140,Dana,Johnson,amandacallahan,!L#Pmo5c2B,2021-12-29,Flight Attendant
141,Monica,Nguyen,dukejoshua,#8zA!F4vlj,1923-05-26,Engineer
142,Emily,Gardner,jonesandrea,*IOm+Gs@_7,1964-07-17,Co-Pilot
143,Amber,Smith,millerallison,x9C5S$oh)g,2013-01-16,Flight Attendant
144,Jeffrey,Lewis,pbrooks_1,K!7lXrA%f),1937-04-17,Pilot
145,Lydia,James,matthew87,!YYsw*G0W6,1967-06-16,Pilot
146,Karen,Bullock,martinezcathy,&b)Z5VXc@z,2002-12-01,Pilot
147,Erica,Bowers,john53_1,^klTdnIqG9,1971-10-14,Engineer
148,Damon,Washington,jeremy59_1,*3PaHp6Rk2,1958-02-13,Engineer
149,Tracy,Graves,gregory49,q_oO5%AnzO,1928-03-11,Flight Attendant
150,Michael,Edwards,michaelthompson_3,Cvs44P8p9(,1988-07-05,Co-Pilot
151,Tim,Foster,richardjohnson,(35wD+ri_o,1955-12-16,Engineer
152,Elijah,Richardson,matthew82,Kc)8ZcjKe(,1953-03-08,Engineer
153,John,Jenkins,william97,I0LB#So4@l,1921-02-15,Engineer
154,Matthew,Jackson,kayla44_1,&06SkvcsxM,1953-08-07,Pilot
155,Anne,Rodriguez,williamsjeffrey,SfA98UcdU%,1947-06-22,Pilot
156,Jacqueline,Smith,thomasnguyen,*ulZg_KqR0,2019-12-12,Co-Pilot
157,Alan,Pace,emaldonado,)D0AuDzaAs,1985-09-05,Flight Attendant
158,Carlos,Walsh,christine60,&^2Adg+tbJ,1935-07-11,Co-Pilot
159,Scott,Curtis,oanderson,wU2XcP1@@6,1908-06-18,Engineer
160,Amber,Wells,larsonjerry,&f8lcV5K77,2014-12-31,Co-Pilot
161,Donna,Jenkins,louis55_1,%6^Tkaxo4o,1930-02-04,Engineer
162,Diana,West,moorelisa,((W1DTizOJ,1935-08-03,Engineer
163,Ruth,Cannon,christensenjoshua_1,^8fwLGKzqx,1910-01-08,Flight Attendant
164,Justin,Thomas,frederick21,+cCi9CaqmH,2018-05-05,Pilot
165,Stephanie,Byrd,toddtom,aA2^Cxl!E^,1966-02-10,Engineer
166,Victor,Harris,kdeleon_1,^&9ZQFLcOc,1981-07-13,Flight Attendant
167,Joshua,Oliver,charles37_1,VYl1YIc$&l,1991-09-20,Pilot
168,Kelsey,Richardson,jeffrey28_1,S)88&&Ie3g,1910-09-19,Engineer
169,Brianna,Hansen,mark12,)WK9TEbrWW,2000-06-27,Pilot
170,Blake,Roberts,nlopez_1,DRy(8Ac&TX,1911-08-09,Engineer
171,Dawn,Baldwin,tsmith_4,!BJr#x^fK4,2009-05-11,Pilot
172,Lawrence,Haas,amandawilson,z6io3L4i$*,1935-12-19,Pilot
173,Jeff,Garcia,kingkristi,Ub4FP7pp&v,2003-03-30,Co-Pilot
174,Joshua,Dennis,bergererik,_j9PGfRmwX,1955-01-23,Engineer
175,Michael,Nichols,cody44,tPKn2Vd$_0,1986-02-08,Flight Attendant
176,David,Schmitt,william45,7ZLXhIPn+I,1963-01-29,Flight Attendant
177,Tanya,Benjamin,claykelly,)!HJ%37o#G,1910-01-31,Flight Attendant
178,Luke,Henderson,raydonald,^T4%3Xt%B@,1974-02-27,Engineer
179,Russell,Watson,amy50,(AUcc!@28a,1915-11-08,Flight Attendant
180,Mark,Brown,jprice_2,%fhxITU2F2,1990-06-18,Co-Pilot
181,Nancy,Lee,christinamack,QuE2U9hdP(,1969-06-28,Co-Pilot
182,Richard,Rasmussen,bryandrew,%dUWn#D_Z0,2022-12-22,Pilot
183,Karla,Bailey,qjones_5,++8+FUnde#,2021-09-15,Co-Pilot
184,Susan,Wilson,andrewblake,^VGjy7^I4o,1988-06-04,Flight Attendant
185,William,Patton,amanda57_2,c8d_LwIa%O,1920-05-29,Pilot
186,Chelsey,Brady,stacey36,b#6G0DlDl6,1910-09-21,Flight Attendant
187,Breanna,Parker,taylormichael_1,v#3zCGNeGX,1974-04-26,Flight Attendant
188,Jeffery,Perez,davidcurry,b4!Q3lWo++,1927-08-10,Pilot
189,Donald,Stevenson,anthony55,(3Q*EvJn2J,1972-12-30,Co-Pilot
190,Stephen,Webster,zacharynelson,!6pFQ+lNO@,1994-04-01,Engineer
191,Gregory,James,larry92,m0q+9Hcj_I,1986-05-27,Flight Attendant
192,David,Curtis,gillespievalerie,6IQ5k6N3$J,1909-11-20,Engineer
193,Steven,Baker,wbeck,Q!5S2+$_qb,2013-10-07,Pilot
194,Wendy,Davis,makaylalynch,0CMkW3Of+1,2019-05-04,Pilot
195,Jackie,Berry,rileyvincent,$0BikZe_8K,2001-06-24,Pilot
196,Alexis,Green,jodimartinez,5ML8Ur!j&y,1939-04-01,Flight Attendant
197,Heidi,Huffman,hjones_2,$1B47nIhc5,2022-01-30,Pilot
198,Michael,Hansen,kendra16,o#d2XOdPGj,1928-05-19,Co-Pilot
199,Christina,Tran,cookmelissa,#U$+2YdIPH,1991-09-20,Co-Pilot
200,Ronald,Vaughn,marianewman,$_17!4Gf#9,1938-11-01,Co-Pilot
